Country,Year,Value
Afghanistan,2003,
Afghanistan,2004,
Afghanistan,2005,
Afghanistan,2006,
Afghanistan,2007,
Afghanistan,2008,
Afghanistan,2009,004.10
Afghanistan,2010,003.52
Afghanistan,2011,004.27
Afghanistan,2012,006.55
Afghanistan,2013,
Afghanistan,2014,
Afghanistan,2015,
Albania,2003,
Albania,2004,
Albania,2005,005.00
Albania,2006,003.11
Albania,2007,003.49
Albania,2008,003.13
Albania,2009,002.90
Albania,2010,004.38
Albania,2011,004.92
Albania,2012,005.45
Albania,2013,004.30
Albania,2014,004.05
Albania,2015,002.28
Algeria,2003,002.01
Algeria,2004,001.37
Algeria,2005,000.61
Algeria,2006,000.92
Algeria,2007,000.79
Algeria,2008,000.94
Algeria,2009,000.78
Algeria,2010,000.70
Algeria,2011,000.76
Algeria,2012,001.40
Algeria,2013,001.26
Algeria,2014,001.48
Algeria,2015,001.37
Andorra,2003,
Andorra,2004,001.28
Andorra,2005,
Andorra,2006,
Andorra,2007,
Andorra,2008,001.17
Andorra,2009,001.17
Andorra,2010,001.18
Andorra,2011,001.21
Andorra,2012,
Andorra,2013,
Andorra,2014,
Andorra,2015,
Angola,2003,
Angola,2004,
Angola,2005,011.49
Angola,2006,
Angola,2007,
Angola,2008,
Angola,2009,
Angola,2010,010.49
Angola,2011,
Angola,2012,
Angola,2013,
Angola,2014,
Angola,2015,009.65
Anguilla,2003,008.32
Anguilla,2004,016.20
Anguilla,2005,
Anguilla,2006,038.75
Anguilla,2007,030.43
Anguilla,2008,007.48
Anguilla,2009,007.37
Anguilla,2010,
Anguilla,2011,
Anguilla,2012,035.38
Anguilla,2013,006.99
Anguilla,2014,027.66
Anguilla,2015,
Antigua and Barbuda,2003,006.18
Antigua and Barbuda,2004,004.89
Antigua and Barbuda,2005,003.63
Antigua and Barbuda,2006,013.18
Antigua and Barbuda,2007,020.14
Antigua and Barbuda,2008,018.75
Antigua and Barbuda,2009,018.54
Antigua and Barbuda,2010,006.88
Antigua and Barbuda,2011,
Antigua and Barbuda,2012,011.23
Antigua and Barbuda,2013,
Antigua and Barbuda,2014,
Antigua and Barbuda,2015,
Argentina,2003,
Argentina,2004,
Argentina,2005,
Argentina,2006,
Argentina,2007,
Argentina,2008,
Argentina,2009,
Argentina,2010,
Argentina,2011,
Argentina,2012,
Argentina,2013,
Argentina,2014,007.51
Argentina,2015,006.53
Armenia,2003,
Armenia,2004,002.74
Armenia,2005,001.92
Armenia,2006,002.63
Armenia,2007,002.58
Armenia,2008,003.26
Armenia,2009,003.27
Armenia,2010,001.89
Armenia,2011,002.39
Armenia,2012,002.18
Armenia,2013,001.97
Armenia,2014,002.40
Armenia,2015,002.45
Aruba,2003,004.12
Aruba,2004,002.03
Aruba,2005,012.00
Aruba,2006,009.92
Aruba,2007,005.93
Aruba,2008,004.93
Aruba,2009,003.94
Aruba,2010,003.94
Aruba,2011,
Aruba,2012,
Aruba,2013,
Aruba,2014,
Aruba,2015,
Australia,2003,001.73
Australia,2004,001.51
Australia,2005,001.28
Australia,2006,001.36
Australia,2007,001.22
Australia,2008,001.22
Australia,2009,001.21
Australia,2010,001.04
Australia,2011,001.10
Australia,2012,001.06
Australia,2013,001.05
Australia,2014,001.03
Australia,2015,000.98
Austria,2003,000.61
Austria,2004,000.72
Austria,2005,000.66
Austria,2006,000.74
Austria,2007,000.54
Austria,2008,000.70
Austria,2009,000.61
Austria,2010,000.69
Austria,2011,000.89
Austria,2012,000.93
Austria,2013,000.71
Austria,2014,000.49
Austria,2015,000.51
Azerbaijan,2003,002.19
Azerbaijan,2004,002.37
Azerbaijan,2005,002.24
Azerbaijan,2006,002.19
Azerbaijan,2007,002.01
Azerbaijan,2008,001.89
Azerbaijan,2009,001.83
Azerbaijan,2010,002.13
Azerbaijan,2011,
Azerbaijan,2012,002.16
Azerbaijan,2013,002.33
Azerbaijan,2014,002.45
Azerbaijan,2015,
Bahamas,2003,015.83
Bahamas,2004,013.64
Bahamas,2005,015.79
Bahamas,2006,018.17
Bahamas,2007,022.79
Bahamas,2008,020.94
Bahamas,2009,024.52
Bahamas,2010,026.05
Bahamas,2011,034.63
Bahamas,2012,029.81
Bahamas,2013,
Bahamas,2014,
Bahamas,2015,
Bahrain,2003,000.39
Bahrain,2004,000.87
Bahrain,2005,000.46
Bahrain,2006,000.74
Bahrain,2007,000.39
Bahrain,2008,000.54
Bahrain,2009,001.09
Bahrain,2010,000.87
Bahrain,2011,000.54
Bahrain,2012,
Bahrain,2013,
Bahrain,2014,
Bahrain,2015,
Bangladesh,2003,002.50
Bangladesh,2004,002.77
Bangladesh,2005,002.51
Bangladesh,2006,002.88
Bangladesh,2007,002.64
Bangladesh,2008,002.76
Bangladesh,2009,002.81
Bangladesh,2010,002.63
Bangladesh,2011,002.59
Bangladesh,2012,002.65
Bangladesh,2013,002.80
Bangladesh,2014,002.84
Bangladesh,2015,002.51
Barbados,2003,012.12
Barbados,2004,008.06
Barbados,2005,010.58
Barbados,2006,012.73
Barbados,2007,009.78
Barbados,2008,009.02
Barbados,2009,006.82
Barbados,2010,011.09
Barbados,2011,009.62
Barbados,2012,007.81
Barbados,2013,008.50
Barbados,2014,008.82
Barbados,2015,010.91
Belarus,2003,009.01
Belarus,2004,008.41
Belarus,2005,008.56
Belarus,2006,007.65
Belarus,2007,006.79
Belarus,2008,005.68
Belarus,2009,004.98
Belarus,2010,005.12
Belarus,2011,003.93
Belarus,2012,003.58
Belarus,2013,003.51
Belarus,2014,003.58
Belarus,2015,
Belgium***,2003,002.21
Belgium***,2004,002.55
Belgium***,2005,002.09
Belgium***,2006,002.08
Belgium***,2007,001.97
Belgium***,2008,001.88
Belgium***,2009,001.74
Belgium***,2010,001.73
Belgium***,2011,001.94
Belgium***,2012,001.85
Belgium***,2013,001.84
Belgium***,2014,001.85
Belgium***,2015,001.95
Belize,2003,024.89
Belize,2004,028.61
Belize,2005,028.59
Belize,2006,031.64
Belize,2007,032.51
Belize,2008,033.64
Belize,2009,061.80
Belize,2010,040.11
Belize,2011,037.67
Belize,2012,043.06
Belize,2013,028.76
Belize,2014,034.40
Belize,2015,
Benin,2003,
Benin,2004,
Benin,2005,007.01
Benin,2006,
Benin,2007,
Benin,2008,
Benin,2009,
Benin,2010,006.35
Benin,2011,
Benin,2012,
Benin,2013,
Benin,2014,
Benin,2015,006.01
Bermuda,2003,003.08
Bermuda,2004,001.54
Bermuda,2005,003.07
Bermuda,2006,004.61
Bermuda,2007,004.62
Bermuda,2008,007.74
Bermuda,2009,009.33
Bermuda,2010,010.95
Bermuda,2011,012.58
Bermuda,2012,009.50
Bermuda,2013,007.97
Bermuda,2014,006.41
Bermuda,2015,006.45
Bhutan,2003,
Bhutan,2004,
Bhutan,2005,
Bhutan,2006,
Bhutan,2007,
Bhutan,2008,002.01
Bhutan,2009,001.41
Bhutan,2010,001.94
Bhutan,2011,003.00
Bhutan,2012,003.90
Bhutan,2013,002.52
Bhutan,2014,002.75
Bhutan,2015,
Bolivia (Plurinational State of),2003,
Bolivia (Plurinational State of),2004,
Bolivia (Plurinational State of),2005,007.17
Bolivia (Plurinational State of),2006,006.44
Bolivia (Plurinational State of),2007,008.34
Bolivia (Plurinational State of),2008,008.85
Bolivia (Plurinational State of),2009,008.56
Bolivia (Plurinational State of),2010,010.61
Bolivia (Plurinational State of),2011,010.21
Bolivia (Plurinational State of),2012,012.40
Bolivia (Plurinational State of),2013,
Bolivia (Plurinational State of),2014,
Bolivia (Plurinational State of),2015,
Bosnia and Herzegovina,2003,
Bosnia and Herzegovina,2004,
Bosnia and Herzegovina,2005,
Bosnia and Herzegovina,2006,
Bosnia and Herzegovina,2007,
Bosnia and Herzegovina,2008,
Bosnia and Herzegovina,2009,001.85
Bosnia and Herzegovina,2010,001.46
Bosnia and Herzegovina,2011,001.33
Bosnia and Herzegovina,2012,001.65
Bosnia and Herzegovina,2013,001.20
Bosnia and Herzegovina,2014,001.31
Bosnia and Herzegovina,2015,001.50
Botswana,2003,017.23
Botswana,2004,014.11
Botswana,2005,015.61
Botswana,2006,013.77
Botswana,2007,014.50
Botswana,2008,014.28
Botswana,2009,014.40
Botswana,2010,014.80
Botswana,2011,010.53
Botswana,2012,
Botswana,2013,
Botswana,2014,
Botswana,2015,
Brazil,2003,
Brazil,2004,
Brazil,2005,
Brazil,2006,
Brazil,2007,023.15
Brazil,2008,023.56
Brazil,2009,022.63
Brazil,2010,021.79
Brazil,2011,023.98
Brazil,2012,026.21
Brazil,2013,026.52
Brazil,2014,027.70
Brazil,2015,026.74
British Virgin Islands,2003,008.97
British Virgin Islands,2004,017.75
British Virgin Islands,2005,
British Virgin Islands,2006,008.37
British Virgin Islands,2007,
British Virgin Islands,2008,
British Virgin Islands,2009,
British Virgin Islands,2010,
British Virgin Islands,2011,
British Virgin Islands,2012,
British Virgin Islands,2013,
British Virgin Islands,2014,
British Virgin Islands,2015,
Brunei Darussalam,2003,000.86
Brunei Darussalam,2004,000.56
Brunei Darussalam,2005,000.55
Brunei Darussalam,2006,000.81
Brunei Darussalam,2007,000.80
Brunei Darussalam,2008,000.26
Brunei Darussalam,2009,000.78
Brunei Darussalam,2010,000.25
Brunei Darussalam,2011,
Brunei Darussalam,2012,
Brunei Darussalam,2013,000.49
Brunei Darussalam,2014,
Brunei Darussalam,2015,
Bulgaria,2003,003.16
Bulgaria,2004,003.15
Bulgaria,2005,002.59
Bulgaria,2006,002.44
Bulgaria,2007,002.34
Bulgaria,2008,002.29
Bulgaria,2009,002.01
Bulgaria,2010,002.00
Bulgaria,2011,001.74
Bulgaria,2012,001.93
Bulgaria,2013,001.50
Bulgaria,2014,001.61
Bulgaria,2015,001.80
Burkina Faso,2003,
Burkina Faso,2004,
Burkina Faso,2005,000.58
Burkina Faso,2006,000.65
Burkina Faso,2007,000.76
Burkina Faso,2008,000.87
Burkina Faso,2009,000.65
Burkina Faso,2010,000.58
Burkina Faso,2011,000.55
Burkina Faso,2012,000.71
Burkina Faso,2013,
Burkina Faso,2014,
Burkina Faso,2015,
Burundi,2003,
Burundi,2004,
Burundi,2005,
Burundi,2006,
Burundi,2007,
Burundi,2008,003.87
Burundi,2009,004.11
Burundi,2010,003.67
Burundi,2011,003.56
Burundi,2012,004.45
Burundi,2013,003.97
Burundi,2014,004.03
Burundi,2015,
Cabo Verde,2003,
Cabo Verde,2004,
Cabo Verde,2005,
Cabo Verde,2006,
Cabo Verde,2007,006.03
Cabo Verde,2008,007.03
Cabo Verde,2009,007.81
Cabo Verde,2010,007.95
Cabo Verde,2011,010.70
Cabo Verde,2012,011.18
Cabo Verde,2013,010.65
Cabo Verde,2014,012.65
Cabo Verde,2015,008.84
Cambodia,2003,003.95
Cambodia,2004,003.90
Cambodia,2005,003.36
Cambodia,2006,003.33
Cambodia,2007,003.34
Cambodia,2008,002.46
Cambodia,2009,002.50
Cambodia,2010,002.30
Cambodia,2011,001.84
Cambodia,2012,
Cambodia,2013,
Cambodia,2014,
Cambodia,2015,
Cameroon,2003,
Cameroon,2004,
Cameroon,2005,
Cameroon,2006,
Cameroon,2007,
Cameroon,2008,003.97
Cameroon,2009,006.36
Cameroon,2010,004.85
Cameroon,2011,003.36
Cameroon,2012,004.01
Cameroon,2013,002.86
Cameroon,2014,002.64
Cameroon,2015,005.93
Canada,2003,001.74
Canada,2004,001.96
Canada,2005,002.06
Canada,2006,001.86
Canada,2007,001.80
Canada,2008,001.83
Canada,2009,001.81
Canada,2010,001.62
Canada,2011,001.75
Canada,2012,001.57
Canada,2013,001.44
Canada,2014,001.46
Canada,2015,001.68
Cayman Islands,2003,007.38
Cayman Islands,2004,012.33
Cayman Islands,2005,
Cayman Islands,2006,002.00
Cayman Islands,2007,003.89
Cayman Islands,2008,007.56
Cayman Islands,2009,014.74
Cayman Islands,2010,
Cayman Islands,2011,
Cayman Islands,2012,
Cayman Islands,2013,
Cayman Islands,2014,
Cayman Islands,2015,
Central African Republic,2003,
Central African Republic,2004,
Central African Republic,2005,014.94
Central African Republic,2006,
Central African Republic,2007,
Central African Republic,2008,
Central African Republic,2009,
Central African Republic,2010,013.63
Central African Republic,2011,
Central African Republic,2012,
Central African Republic,2013,
Central African Republic,2014,
Central African Republic,2015,013.09
Chad,2003,
Chad,2004,
Chad,2005,010.72
Chad,2006,
Chad,2007,
Chad,2008,
Chad,2009,
Chad,2010,009.68
Chad,2011,
Chad,2012,
Chad,2013,
Chad,2014,
Chad,2015,009.02
Chile,2003,003.26
Chile,2004,
Chile,2005,003.58
Chile,2006,003.62
Chile,2007,003.74
Chile,2008,003.53
Chile,2009,003.74
Chile,2010,003.18
Chile,2011,003.70
Chile,2012,002.50
Chile,2013,003.16
Chile,2014,003.59
Chile,2015,
China,2003,001.89
China,2004,001.90
China,2005,001.59
China,2006,001.37
China,2007,001.22
China,2008,001.12
China,2009,001.10
China,2010,001.00
China,2011,000.89
China,2012,000.83
China,2013,000.78
China,2014,000.74
China,2015,
China. Hong Kong Special Administrative Region,2003,000.76
China. Hong Kong Special Administrative Region,2004,000.66
China. Hong Kong Special Administrative Region,2005,000.50
China. Hong Kong Special Administrative Region,2006,000.51
China. Hong Kong Special Administrative Region,2007,000.26
China. Hong Kong Special Administrative Region,2008,000.52
China. Hong Kong Special Administrative Region,2009,000.68
China. Hong Kong Special Administrative Region,2010,000.50
China. Hong Kong Special Administrative Region,2011,000.24
China. Hong Kong Special Administrative Region,2012,000.38
China. Hong Kong Special Administrative Region,2013,000.87
China. Hong Kong Special Administrative Region,2014,000.37
China. Hong Kong Special Administrative Region,2015,000.30
China. Macao Special Administrative Region,2003,002.88
China. Macao Special Administrative Region,2004,002.18
China. Macao Special Administrative Region,2005,001.50
China. Macao Special Administrative Region,2006,002.29
China. Macao Special Administrative Region,2007,002.23
China. Macao Special Administrative Region,2008,000.79
China. Macao Special Administrative Region,2009,001.15
China. Macao Special Administrative Region,2010,000.37
China. Macao Special Administrative Region,2011,000.73
China. Macao Special Administrative Region,2012,000.72
China. Macao Special Administrative Region,2013,000.18
China. Macao Special Administrative Region,2014,
China. Macao Special Administrative Region,2015,000.17
Colombia,2003,053.44
Colombia,2004,044.56
Colombia,2005,039.47
Colombia,2006,036.77
Colombia,2007,034.76
Colombia,2008,033.21
Colombia,2009,034.03
Colombia,2010,032.70
Colombia,2011,034.05
Colombia,2012,031.29
Colombia,2013,032.57
Colombia,2014,027.92
Colombia,2015,026.50
Comoros,2003,
Comoros,2004,
Comoros,2005,009.43
Comoros,2006,
Comoros,2007,
Comoros,2008,
Comoros,2009,
Comoros,2010,008.42
Comoros,2011,
Comoros,2012,
Comoros,2013,
Comoros,2014,
Comoros,2015,007.60
Congo,2003,
Congo,2004,
Congo,2005,011.29
Congo,2006,
Congo,2007,
Congo,2008,
Congo,2009,
Congo,2010,010.65
Congo,2011,
Congo,2012,
Congo,2013,
Congo,2014,
Congo,2015,010.08
Cook Islands,2003,
Cook Islands,2004,
Cook Islands,2005,
Cook Islands,2006,
Cook Islands,2007,
Cook Islands,2008,
Cook Islands,2009,
Cook Islands,2010,
Cook Islands,2011,
Cook Islands,2012,003.06
Cook Islands,2013,
Cook Islands,2014,
Cook Islands,2015,
Costa Rica,2003,007.27
Costa Rica,2004,006.69
Costa Rica,2005,007.89
Costa Rica,2006,008.15
Costa Rica,2007,008.44
Costa Rica,2008,011.56
Costa Rica,2009,011.70
Costa Rica,2010,011.59
Costa Rica,2011,010.30
Costa Rica,2012,008.74
Costa Rica,2013,008.73
Costa Rica,2014,010.03
Costa Rica,2015,011.77
Cote d'Ivoire,2003,
Cote d'Ivoire,2004,
Cote d'Ivoire,2005,014.87
Cote d'Ivoire,2006,
Cote d'Ivoire,2007,
Cote d'Ivoire,2008,
Cote d'Ivoire,2009,
Cote d'Ivoire,2010,012.80
Cote d'Ivoire,2011,
Cote d'Ivoire,2012,
Cote d'Ivoire,2013,
Cote d'Ivoire,2014,
Cote d'Ivoire,2015,011.84
Croatia,2003,001.53
Croatia,2004,001.89
Croatia,2005,001.51
Croatia,2006,001.56
Croatia,2007,001.40
Croatia,2008,001.54
Croatia,2009,001.13
Croatia,2010,001.44
Croatia,2011,001.14
Croatia,2012,001.19
Croatia,2013,001.08
Croatia,2014,000.85
Croatia,2015,000.87
Cuba,2003,005.72
Cuba,2004,005.87
Cuba,2005,006.07
Cuba,2006,005.11
Cuba,2007,005.03
Cuba,2008,004.56
Cuba,2009,005.00
Cuba,2010,004.47
Cuba,2011,004.72
Cuba,2012,
Cuba,2013,
Cuba,2014,
Cuba,2015,
Cyprus,2003,
Cyprus,2004,001.58
Cyprus,2005,001.94
Cyprus,2006,001.43
Cyprus,2007,001.22
Cyprus,2008,000.84
Cyprus,2009,001.74
Cyprus,2010,000.72
Cyprus,2011,000.81
Cyprus,2012,001.95
Cyprus,2013,001.05
Cyprus,2014,000.95
Cyprus,2015,001.29
Czechia,2003,001.60
Czechia,2004,001.31
Czechia,2005,001.06
Czechia,2006,001.27
Czechia,2007,001.22
Czechia,2008,001.10
Czechia,2009,000.90
Czechia,2010,000.98
Czechia,2011,000.82
Czechia,2012,001.00
Czechia,2013,000.93
Czechia,2014,000.65
Czechia,2015,000.75
Democratic People's Republic of Korea,2003,
Democratic People's Republic of Korea,2004,
Democratic People's Republic of Korea,2005,005.07
Democratic People's Republic of Korea,2006,
Democratic People's Republic of Korea,2007,
Democratic People's Republic of Korea,2008,
Democratic People's Republic of Korea,2009,
Democratic People's Republic of Korea,2010,004.81
Democratic People's Republic of Korea,2011,
Democratic People's Republic of Korea,2012,
Democratic People's Republic of Korea,2013,
Democratic People's Republic of Korea,2014,
Democratic People's Republic of Korea,2015,004.41
Democratic Republic of the Congo,2003,
Democratic Republic of the Congo,2004,
Democratic Republic of the Congo,2005,014.30
Democratic Republic of the Congo,2006,
Democratic Republic of the Congo,2007,
Democratic Republic of the Congo,2008,
Democratic Republic of the Congo,2009,
Democratic Republic of the Congo,2010,013.97
Democratic Republic of the Congo,2011,
Democratic Republic of the Congo,2012,
Democratic Republic of the Congo,2013,
Democratic Republic of the Congo,2014,
Democratic Republic of the Congo,2015,013.36
Denmark,2003,001.21
Denmark,2004,000.80
Denmark,2005,000.98
Denmark,2006,000.53
Denmark,2007,000.71
Denmark,2008,000.98
Denmark,2009,000.85
Denmark,2010,000.76
Denmark,2011,000.82
Denmark,2012,000.84
Denmark,2013,000.85
Denmark,2014,001.29
Denmark,2015,000.99
Djibouti,2003,
Djibouti,2004,
Djibouti,2005,008.16
Djibouti,2006,
Djibouti,2007,
Djibouti,2008,
Djibouti,2009,
Djibouti,2010,007.60
Djibouti,2011,
Djibouti,2012,
Djibouti,2013,
Djibouti,2014,
Djibouti,2015,006.77
Dominica,2003,011.42
Dominica,2004,011.38
Dominica,2005,011.34
Dominica,2006,007.07
Dominica,2007,009.89
Dominica,2008,009.88
Dominica,2009,018.31
Dominica,2010,021.08
Dominica,2011,008.40
Dominica,2012,
Dominica,2013,
Dominica,2014,
Dominica,2015,
Dominican Republic,2003,021.21
Dominican Republic,2004,024.60
Dominican Republic,2005,025.92
Dominican Republic,2006,022.88
Dominican Republic,2007,022.21
Dominican Republic,2008,024.84
Dominican Republic,2009,024.31
Dominican Republic,2010,024.99
Dominican Republic,2011,025.06
Dominican Republic,2012,022.33
Dominican Republic,2013,
Dominican Republic,2014,017.39
Dominican Republic,2015,
Ecuador,2003,014.58
Ecuador,2004,017.69
Ecuador,2005,015.44
Ecuador,2006,017.08
Ecuador,2007,016.00
Ecuador,2008,018.04
Ecuador,2009,017.87
Ecuador,2010,017.66
Ecuador,2011,015.45
Ecuador,2012,012.48
Ecuador,2013,011.01
Ecuador,2014,008.23
Ecuador,2015,
Egypt,2003,000.65
Egypt,2004,000.44
Egypt,2005,000.70
Egypt,2006,000.72
Egypt,2007,000.88
Egypt,2008,001.22
Egypt,2009,001.13
Egypt,2010,002.24
Egypt,2011,003.23
Egypt,2012,
Egypt,2013,
Egypt,2014,
Egypt,2015,
El Salvador,2003,037.23
El Salvador,2004,046.80
El Salvador,2005,063.53
El Salvador,2006,065.82
El Salvador,2007,058.42
El Salvador,2008,052.95
El Salvador,2009,072.77
El Salvador,2010,066.03
El Salvador,2011,072.19
El Salvador,2012,042.72
El Salvador,2013,041.27
El Salvador,2014,064.20
El Salvador,2015,108.64
Equatorial Guinea,2003,
Equatorial Guinea,2004,
Equatorial Guinea,2005,003.49
Equatorial Guinea,2006,
Equatorial Guinea,2007,
Equatorial Guinea,2008,
Equatorial Guinea,2009,
Equatorial Guinea,2010,003.38
Equatorial Guinea,2011,
Equatorial Guinea,2012,
Equatorial Guinea,2013,
Equatorial Guinea,2014,
Equatorial Guinea,2015,003.21
Eritrea,2003,
Eritrea,2004,
Eritrea,2005,009.11
Eritrea,2006,
Eritrea,2007,
Eritrea,2008,
Eritrea,2009,
Eritrea,2010,008.30
Eritrea,2011,
Eritrea,2012,
Eritrea,2013,
Eritrea,2014,
Eritrea,2015,007.46
Estonia,2003,010.71
Estonia,2004,006.67
Estonia,2005,008.34
Estonia,2006,006.74
Estonia,2007,006.92
Estonia,2008,006.27
Estonia,2009,005.24
Estonia,2010,005.25
Estonia,2011,004.89
Estonia,2012,004.76
Estonia,2013,003.94
Estonia,2014,003.12
Estonia,2015,003.20
Ethiopia,2003,
Ethiopia,2004,
Ethiopia,2005,009.42
Ethiopia,2006,
Ethiopia,2007,
Ethiopia,2008,
Ethiopia,2009,
Ethiopia,2010,008.47
Ethiopia,2011,
Ethiopia,2012,
Ethiopia,2013,
Ethiopia,2014,
Ethiopia,2015,007.60
Fiji,2003,
Fiji,2004,
Fiji,2005,
Fiji,2006,
Fiji,2007,002.64
Fiji,2008,003.56
Fiji,2009,002.47
Fiji,2010,002.79
Fiji,2011,
Fiji,2012,002.97
Fiji,2013,
Fiji,2014,
Fiji,2015,
Finland,2003,001.98
Finland,2004,002.83
Finland,2005,002.27
Finland,2006,002.26
Finland,2007,002.44
Finland,2008,002.50
Finland,2009,002.25
Finland,2010,002.22
Finland,2011,002.04
Finland,2012,001.62
Finland,2013,001.65
Finland,2014,001.62
Finland,2015,001.60
France,2003,001.63
France,2004,001.63
France,2005,001.59
France,2006,001.43
France,2007,001.60
France,2008,001.64
France,2009,001.31
France,2010,001.26
France,2011,001.35
France,2012,001.23
France,2013,001.22
France,2014,001.24
France,2015,001.58
French Guiana,2003,
French Guiana,2004,029.62
French Guiana,2005,022.11
French Guiana,2006,019.97
French Guiana,2007,012.94
French Guiana,2008,014.41
French Guiana,2009,013.17
French Guiana,2010,
French Guiana,2011,
French Guiana,2012,
French Guiana,2013,
French Guiana,2014,
French Guiana,2015,
French Polynesia,2003,
French Polynesia,2004,
French Polynesia,2005,
French Polynesia,2006,001.16
French Polynesia,2007,002.69
French Polynesia,2008,003.42
French Polynesia,2009,000.38
French Polynesia,2010,
French Polynesia,2011,
French Polynesia,2012,
French Polynesia,2013,
French Polynesia,2014,
French Polynesia,2015,
Gabon,2003,
Gabon,2004,
Gabon,2005,011.21
Gabon,2006,
Gabon,2007,
Gabon,2008,
Gabon,2009,
Gabon,2010,009.27
Gabon,2011,
Gabon,2012,
Gabon,2013,
Gabon,2014,
Gabon,2015,009.00
Gambia,2003,
Gambia,2004,
Gambia,2005,009.84
Gambia,2006,
Gambia,2007,
Gambia,2008,
Gambia,2009,
Gambia,2010,009.81
Gambia,2011,
Gambia,2012,
Gambia,2013,
Gambia,2014,
Gambia,2015,009.07
Georgia,2003,006.60
Georgia,2004,006.59
Georgia,2005,009.01
Georgia,2006,007.29
Georgia,2007,007.52
Georgia,2008,006.06
Georgia,2009,004.89
Georgia,2010,004.40
Georgia,2011,
Georgia,2012,
Georgia,2013,
Georgia,2014,002.68
Georgia,2015,
Germany,2003,001.05
Germany,2004,001.07
Germany,2005,001.07
Germany,2006,001.00
Germany,2007,000.94
Germany,2008,000.90
Germany,2009,001.00
Germany,2010,000.99
Germany,2011,000.92
Germany,2012,000.82
Germany,2013,000.85
Germany,2014,000.89
Germany,2015,000.85
Ghana,2003,002.15
Ghana,2004,002.17
Ghana,2005,001.84
Ghana,2006,001.88
Ghana,2007,001.77
Ghana,2008,001.86
Ghana,2009,001.80
Ghana,2010,001.74
Ghana,2011,001.70
Ghana,2012,
Ghana,2013,
Ghana,2014,
Ghana,2015,
Greece,2003,001.11
Greece,2004,001.00
Greece,2005,001.19
Greece,2006,000.99
Greece,2007,001.17
Greece,2008,001.29
Greece,2009,001.36
Greece,2010,001.57
Greece,2011,001.65
Greece,2012,001.49
Greece,2013,001.38
Greece,2014,000.97
Greece,2015,000.85
Greenland,2003,008.82
Greenland,2004,019.34
Greenland,2005,017.56
Greenland,2006,008.78
Greenland,2007,019.33
Greenland,2008,022.89
Greenland,2009,031.77
Greenland,2010,031.83
Greenland,2011,017.72
Greenland,2012,008.87
Greenland,2013,005.33
Greenland,2014,021.35
Greenland,2015,012.46
Grenada,2003,008.79
Grenada,2004,005.84
Grenada,2005,010.68
Grenada,2006,011.62
Grenada,2007,010.62
Grenada,2008,015.39
Grenada,2009,006.71
Grenada,2010,009.55
Grenada,2011,003.81
Grenada,2012,013.27
Grenada,2013,005.67
Grenada,2014,007.52
Grenada,2015,
Guadeloupe,2003,
Guadeloupe,2004,005.80
Guadeloupe,2005,005.10
Guadeloupe,2006,005.30
Guadeloupe,2007,006.39
Guadeloupe,2008,007.04
Guadeloupe,2009,007.90
Guadeloupe,2010,
Guadeloupe,2011,
Guadeloupe,2012,
Guadeloupe,2013,
Guadeloupe,2014,
Guadeloupe,2015,
Guam,2003,005.07
Guam,2004,005.69
Guam,2005,004.42
Guam,2006,006.94
Guam,2007,000.63
Guam,2008,000.63
Guam,2009,003.15
Guam,2010,001.88
Guam,2011,002.49
Guam,2012,
Guam,2013,
Guam,2014,
Guam,2015,
Guatemala,2003,033.70
Guatemala,2004,035.00
Guatemala,2005,
Guatemala,2006,043.62
Guatemala,2007,041.90
Guatemala,2008,044.60
Guatemala,2009,045.07
Guatemala,2010,040.46
Guatemala,2011,037.75
Guatemala,2012,033.54
Guatemala,2013,033.48
Guatemala,2014,031.21
Guatemala,2015,
Guinea,2003,
Guinea,2004,
Guinea,2005,010.06
Guinea,2006,
Guinea,2007,
Guinea,2008,
Guinea,2009,
Guinea,2010,009.26
Guinea,2011,
Guinea,2012,
Guinea,2013,
Guinea,2014,
Guinea,2015,008.46
GuineaBissau,2003,
GuineaBissau,2004,
GuineaBissau,2005,011.02
GuineaBissau,2006,
GuineaBissau,2007,
GuineaBissau,2008,
GuineaBissau,2009,
GuineaBissau,2010,009.97
GuineaBissau,2011,
GuineaBissau,2012,
GuineaBissau,2013,
GuineaBissau,2014,
GuineaBissau,2015,009.17
Guyana,2003,027.74
Guyana,2004,017.65
Guyana,2005,019.12
Guyana,2006,020.57
Guyana,2007,015.42
Guyana,2008,021.12
Guyana,2009,015.58
Guyana,2010,018.58
Guyana,2011,017.20
Guyana,2012,018.33
Guyana,2013,020.37
Guyana,2014,
Guyana,2015,019.42
Haiti,2003,
Haiti,2004,
Haiti,2005,
Haiti,2006,
Haiti,2007,005.09
Haiti,2008,005.13
Haiti,2009,006.07
Haiti,2010,006.77
Haiti,2011,009.01
Haiti,2012,010.04
Haiti,2013,
Haiti,2014,
Haiti,2015,
Honduras,2003,061.47
Honduras,2004,053.88
Honduras,2005,046.68
Honduras,2006,044.50
Honduras,2007,050.30
Honduras,2008,061.37
Honduras,2009,071.51
Honduras,2010,083.10
Honduras,2011,093.21
Honduras,2012,092.71
Honduras,2013,081.93
Honduras,2014,074.56
Honduras,2015,063.75
Hungary,2003,002.25
Hungary,2004,002.07
Hungary,2005,001.62
Hungary,2006,001.73
Hungary,2007,001.53
Hungary,2008,001.80
Hungary,2009,001.39
Hungary,2010,001.38
Hungary,2011,001.45
Hungary,2012,001.25
Hungary,2013,001.55
Hungary,2014,001.48
Hungary,2015,
Iceland,2003,
Iceland,2004,001.02
Iceland,2005,001.01
Iceland,2006,
Iceland,2007,000.65
Iceland,2008,
Iceland,2009,000.32
Iceland,2010,000.63
Iceland,2011,000.93
Iceland,2012,000.31
Iceland,2013,000.31
Iceland,2014,000.31
Iceland,2015,000.91
India,2003,003.61
India,2004,003.72
India,2005,003.60
India,2006,003.56
India,2007,003.52
India,2008,003.50
India,2009,003.42
India,2010,003.44
India,2011,003.51
India,2012,003.43
India,2013,003.28
India,2014,003.21
India,2015,
Indonesia,2003,000.74
Indonesia,2004,000.64
Indonesia,2005,
Indonesia,2006,
Indonesia,2007,
Indonesia,2008,000.58
Indonesia,2009,000.55
Indonesia,2010,000.44
Indonesia,2011,000.60
Indonesia,2012,000.59
Indonesia,2013,000.55
Indonesia,2014,000.50
Indonesia,2015,
Iran (Islamic Republic of),2003,
Iran (Islamic Republic of),2004,
Iran (Islamic Republic of),2005,005.43
Iran (Islamic Republic of),2006,
Iran (Islamic Republic of),2007,
Iran (Islamic Republic of),2008,
Iran (Islamic Republic of),2009,
Iran (Islamic Republic of),2010,005.22
Iran (Islamic Republic of),2011,
Iran (Islamic Republic of),2012,
Iran (Islamic Republic of),2013,
Iran (Islamic Republic of),2014,
Iran (Islamic Republic of),2015,004.12
Iraq,2003,
Iraq,2004,
Iraq,2005,034.07
Iraq,2006,029.85
Iraq,2007,066.13
Iraq,2008,
Iraq,2009,
Iraq,2010,
Iraq,2011,
Iraq,2012,
Iraq,2013,
Iraq,2014,
Iraq,2015,
Iraq (Central Iraq),2003,
Iraq (Central Iraq),2004,
Iraq (Central Iraq),2005,
Iraq (Central Iraq),2006,
Iraq (Central Iraq),2007,
Iraq (Central Iraq),2008,017.92
Iraq (Central Iraq),2009,009.63
Iraq (Central Iraq),2010,009.71
Iraq (Central Iraq),2011,009.28
Iraq (Central Iraq),2012,009.24
Iraq (Central Iraq),2013,011.11
Iraq (Central Iraq),2014,010.08
Iraq (Central Iraq),2015,
Iraq (Kurdistan Region),2003,
Iraq (Kurdistan Region),2004,
Iraq (Kurdistan Region),2005,
Iraq (Kurdistan Region),2006,
Iraq (Kurdistan Region),2007,
Iraq (Kurdistan Region),2008,006.02
Iraq (Kurdistan Region),2009,003.49
Iraq (Kurdistan Region),2010,004.48
Iraq (Kurdistan Region),2011,004.07
Iraq (Kurdistan Region),2012,003.77
Iraq (Kurdistan Region),2013,003.56
Iraq (Kurdistan Region),2014,
Iraq (Kurdistan Region),2015,
Ireland,2003,001.11
Ireland,2004,000.73
Ireland,2005,001.24
Ireland,2006,001.44
Ireland,2007,001.78
Ireland,2008,001.12
Ireland,2009,001.23
Ireland,2010,001.15
Ireland,2011,000.90
Ireland,2012,001.16
Ireland,2013,001.11
Ireland,2014,001.11
Ireland,2015,000.64
Israel,2003,003.07
Israel,2004,002.67
Israel,2005,002.51
Israel,2006,002.69
Israel,2007,001.81
Israel,2008,001.92
Israel,2009,001.76
Israel,2010,001.95
Israel,2011,002.00
Israel,2012,001.74
Israel,2013,
Israel,2014,001.49
Israel,2015,001.36
Italy,2003,001.24
Italy,2004,001.22
Italy,2005,001.04
Italy,2006,001.06
Italy,2007,001.07
Italy,2008,001.04
Italy,2009,000.99
Italy,2010,000.89
Italy,2011,000.92
Italy,2012,000.89
Italy,2013,000.84
Italy,2014,000.79
Italy,2015,000.78
Jamaica,2003,036.79
Jamaica,2004,055.22
Jamaica,2005,062.51
Jamaica,2006,049.79
Jamaica,2007,058.57
Jamaica,2008,059.58
Jamaica,2009,061.66
Jamaica,2010,052.79
Jamaica,2011,041.16
Jamaica,2012,039.78
Jamaica,2013,043.27
Jamaica,2014,036.11
Jamaica,2015,043.21
Japan,2003,000.55
Japan,2004,000.55
Japan,2005,000.51
Japan,2006,000.49
Japan,2007,000.45
Japan,2008,000.51
Japan,2009,000.40
Japan,2010,000.37
Japan,2011,000.35
Japan,2012,000.34
Japan,2013,000.29
Japan,2014,000.31
Japan,2015,
Jordan,2003,
Jordan,2004,
Jordan,2005,001.26
Jordan,2006,001.81
Jordan,2007,001.94
Jordan,2008,002.00
Jordan,2009,001.63
Jordan,2010,001.78
Jordan,2011,002.09
Jordan,2012,002.30
Jordan,2013,002.00
Jordan,2014,
Jordan,2015,
Kazakhstan*,2003,013.15
Kazakhstan*,2004,013.67
Kazakhstan*,2005,011.68
Kazakhstan*,2006,011.08
Kazakhstan*,2007,010.51
Kazakhstan*,2008,011.35
Kazakhstan*,2009,011.00
Kazakhstan*,2010,008.56
Kazakhstan*,2011,008.58
Kazakhstan*,2012,007.53
Kazakhstan*,2013,006.55
Kazakhstan*,2014,005.20
Kazakhstan*,2015,004.84
Kenya,2003,
Kenya,2004,004.05
Kenya,2005,003.56
Kenya,2006,003.54
Kenya,2007,003.44
Kenya,2008,003.69
Kenya,2009,005.65
Kenya,2010,005.55
Kenya,2011,006.38
Kenya,2012,006.49
Kenya,2013,006.59
Kenya,2014,005.90
Kenya,2015,005.75
Kiribati,2003,
Kiribati,2004,
Kiribati,2005,
Kiribati,2006,
Kiribati,2007,
Kiribati,2008,007.11
Kiribati,2009,000.99
Kiribati,2010,003.90
Kiribati,2011,010.51
Kiribati,2012,007.50
Kiribati,2013,
Kiribati,2014,
Kiribati,2015,
Kosovo under UNSCR 1244,2003,
Kosovo under UNSCR 1244,2004,
Kosovo under UNSCR 1244,2005,
Kosovo under UNSCR 1244,2006,
Kosovo under UNSCR 1244,2007,
Kosovo under UNSCR 1244,2008,006.30
Kosovo under UNSCR 1244,2009,004.04
Kosovo under UNSCR 1244,2010,005.84
Kosovo under UNSCR 1244,2011,003.40
Kosovo under UNSCR 1244,2012,004.90
Kosovo under UNSCR 1244,2013,002.22
Kosovo under UNSCR 1244,2014,002.21
Kosovo under UNSCR 1244,2015,001.60
Kuwait,2003,
Kuwait,2004,
Kuwait,2005,
Kuwait,2006,
Kuwait,2007,002.32
Kuwait,2008,001.40
Kuwait,2009,001.70
Kuwait,2010,001.96
Kuwait,2011,001.82
Kuwait,2012,001.78
Kuwait,2013,
Kuwait,2014,
Kuwait,2015,
Kyrgyzstan,2003,008.34
Kyrgyzstan,2004,008.27
Kyrgyzstan,2005,008.19
Kyrgyzstan,2006,008.17
Kyrgyzstan,2007,008.15
Kyrgyzstan,2008,008.09
Kyrgyzstan,2009,007.79
Kyrgyzstan,2010,019.62
Kyrgyzstan,2011,008.89
Kyrgyzstan,2012,005.33
Kyrgyzstan,2013,003.59
Kyrgyzstan,2014,003.70
Kyrgyzstan,2015,005.12
Lao People's Democratic Republic,2003,
Lao People's Democratic Republic,2004,
Lao People's Democratic Republic,2005,009.62
Lao People's Democratic Republic,2006,
Lao People's Democratic Republic,2007,
Lao People's Democratic Republic,2008,
Lao People's Democratic Republic,2009,
Lao People's Democratic Republic,2010,008.03
Lao People's Democratic Republic,2011,
Lao People's Democratic Republic,2012,
Lao People's Democratic Republic,2013,
Lao People's Democratic Republic,2014,
Lao People's Democratic Republic,2015,006.87
Latvia,2003,008.83
Latvia,2004,008.02
Latvia,2005,005.66
Latvia,2006,005.82
Latvia,2007,004.33
Latvia,2008,004.62
Latvia,2009,005.10
Latvia,2010,003.35
Latvia,2011,003.34
Latvia,2012,004.76
Latvia,2013,003.43
Latvia,2014,003.87
Latvia,2015,004.11
Lebanon,2003,
Lebanon,2004,
Lebanon,2005,
Lebanon,2006,
Lebanon,2007,
Lebanon,2008,004.45
Lebanon,2009,003.47
Lebanon,2010,003.76
Lebanon,2011,003.66
Lebanon,2012,003.94
Lebanon,2013,004.46
Lebanon,2014,004.28
Lebanon,2015,003.95
Lesotho,2003,
Lesotho,2004,
Lesotho,2005,
Lesotho,2006,
Lesotho,2007,045.76
Lesotho,2008,038.13
Lesotho,2009,036.32
Lesotho,2010,038.00
Lesotho,2011,
Lesotho,2012,
Lesotho,2013,
Lesotho,2014,
Lesotho,2015,
Liberia,2003,
Liberia,2004,
Liberia,2005,
Liberia,2006,
Liberia,2007,002.84
Liberia,2008,004.82
Liberia,2009,003.79
Liberia,2010,003.26
Liberia,2011,003.95
Liberia,2012,003.22
Liberia,2013,
Liberia,2014,
Liberia,2015,
Libya,2003,
Libya,2004,
Libya,2005,003.66
Libya,2006,
Libya,2007,
Libya,2008,
Libya,2009,
Libya,2010,003.06
Libya,2011,
Libya,2012,
Libya,2013,
Libya,2014,
Libya,2015,002.49
Liechtenstein,2003,
Liechtenstein,2004,002.89
Liechtenstein,2005,
Liechtenstein,2006,
Liechtenstein,2007,
Liechtenstein,2008,002.81
Liechtenstein,2009,
Liechtenstein,2010,002.77
Liechtenstein,2011,
Liechtenstein,2012,
Liechtenstein,2013,
Liechtenstein,2014,002.68
Liechtenstein,2015,
Lithuania,2003,
Lithuania,2004,010.16
Lithuania,2005,011.13
Lithuania,2006,008.71
Lithuania,2007,008.49
Lithuania,2008,009.26
Lithuania,2009,007.94
Lithuania,2010,007.01
Lithuania,2011,006.87
Lithuania,2012,006.70
Lithuania,2013,006.68
Lithuania,2014,005.45
Lithuania,2015,005.98
Luxembourg,2003,
Luxembourg,2004,
Luxembourg,2005,
Luxembourg,2006,001.50
Luxembourg,2007,001.47
Luxembourg,2008,001.65
Luxembourg,2009,001.01
Luxembourg,2010,001.97
Luxembourg,2011,000.77
Luxembourg,2012,
Luxembourg,2013,000.18
Luxembourg,2014,000.72
Luxembourg,2015,
Madagascar,2003,
Madagascar,2004,000.73
Madagascar,2005,001.78
Madagascar,2006,004.63
Madagascar,2007,003.00
Madagascar,2008,003.06
Madagascar,2009,000.69
Madagascar,2010,000.62
Madagascar,2011,
Madagascar,2012,
Madagascar,2013,
Madagascar,2014,
Madagascar,2015,
Malawi,2003,002.48
Malawi,2004,003.31
Malawi,2005,001.57
Malawi,2006,006.26
Malawi,2007,005.11
Malawi,2008,005.61
Malawi,2009,002.23
Malawi,2010,003.52
Malawi,2011,002.25
Malawi,2012,001.78
Malawi,2013,
Malawi,2014,
Malawi,2015,
Malaysia,2003,002.27
Malaysia,2004,001.96
Malaysia,2005,002.34
Malaysia,2006,002.24
Malaysia,2007,002.44
Malaysia,2008,002.20
Malaysia,2009,002.03
Malaysia,2010,001.92
Malaysia,2011,
Malaysia,2012,
Malaysia,2013,
Malaysia,2014,
Malaysia,2015,
Maldives,2003,
Maldives,2004,
Maldives,2005,
Maldives,2006,
Maldives,2007,000.95
Maldives,2008,001.56
Maldives,2009,001.84
Maldives,2010,001.80
Maldives,2011,000.89
Maldives,2012,002.90
Maldives,2013,000.85
Maldives,2014,
Maldives,2015,
Mali,2003,
Mali,2004,
Mali,2005,012.60
Mali,2006,
Mali,2007,
Mali,2008,
Mali,2009,
Mali,2010,012.11
Mali,2011,
Mali,2012,
Mali,2013,
Mali,2014,
Mali,2015,010.82
Malta,2003,
Malta,2004,001.77
Malta,2005,001.01
Malta,2006,
Malta,2007,000.99
Malta,2008,001.48
Malta,2009,000.98
Malta,2010,000.97
Malta,2011,000.72
Malta,2012,002.89
Malta,2013,001.68
Malta,2014,001.44
Malta,2015,000.96
Marshall Islands,2003,
Marshall Islands,2004,
Marshall Islands,2005,
Marshall Islands,2006,
Marshall Islands,2007,
Marshall Islands,2008,
Marshall Islands,2009,
Marshall Islands,2010,
Marshall Islands,2011,
Marshall Islands,2012,004.68
Marshall Islands,2013,
Marshall Islands,2014,
Marshall Islands,2015,
Martinique,2003,
Martinique,2004,004.80
Martinique,2005,004.79
Martinique,2006,005.79
Martinique,2007,005.80
Martinique,2008,004.29
Martinique,2009,002.78
Martinique,2010,
Martinique,2011,
Martinique,2012,
Martinique,2013,
Martinique,2014,
Martinique,2015,
Mauritania,2003,
Mauritania,2004,
Mauritania,2005,012.30
Mauritania,2006,
Mauritania,2007,
Mauritania,2008,
Mauritania,2009,
Mauritania,2010,010.92
Mauritania,2011,
Mauritania,2012,
Mauritania,2013,
Mauritania,2014,
Mauritania,2015,010.22
Mauritius,2003,
Mauritius,2004,
Mauritius,2005,
Mauritius,2006,
Mauritius,2007,
Mauritius,2008,
Mauritius,2009,003.06
Mauritius,2010,002.64
Mauritius,2011,002.71
Mauritius,2012,
Mauritius,2013,
Mauritius,2014,
Mauritius,2015,
Mayotte,2003,
Mayotte,2004,
Mayotte,2005,
Mayotte,2006,000.54
Mayotte,2007,014.20
Mayotte,2008,002.55
Mayotte,2009,005.93
Mayotte,2010,
Mayotte,2011,
Mayotte,2012,
Mayotte,2013,
Mayotte,2014,
Mayotte,2015,
Mexico,2003,009.44
Mexico,2004,008.62
Mexico,2005,009.04
Mexico,2006,009.38
Mexico,2007,007.84
Mexico,2008,012.18
Mexico,2009,016.95
Mexico,2010,021.71
Mexico,2011,022.61
Mexico,2012,021.27
Mexico,2013,018.64
Mexico,2014,015.96
Mexico,2015,016.35
Micronesia (Federated States of),2003,
Micronesia (Federated States of),2004,
Micronesia (Federated States of),2005,004.58
Micronesia (Federated States of),2006,
Micronesia (Federated States of),2007,
Micronesia (Federated States of),2008,
Micronesia (Federated States of),2009,
Micronesia (Federated States of),2010,004.49
Micronesia (Federated States of),2011,
Micronesia (Federated States of),2012,
Micronesia (Federated States of),2013,
Micronesia (Federated States of),2014,
Micronesia (Federated States of),2015,004.67
Monaco,2003,
Monaco,2004,003.00
Monaco,2005,002.96
Monaco,2006,002.91
Monaco,2007,
Monaco,2008,
Monaco,2009,
Monaco,2010,
Monaco,2011,
Monaco,2012,
Monaco,2013,
Monaco,2014,
Monaco,2015,
Mongolia,2003,013.89
Mongolia,2004,013.34
Mongolia,2005,015.75
Mongolia,2006,013.13
Mongolia,2007,011.30
Mongolia,2008,008.06
Mongolia,2009,008.20
Mongolia,2010,008.81
Mongolia,2011,009.64
Mongolia,2012,007.09
Mongolia,2013,007.27
Mongolia,2014,007.49
Mongolia,2015,007.23
Montenegro,2003,
Montenegro,2004,
Montenegro,2005,
Montenegro,2006,
Montenegro,2007,001.94
Montenegro,2008,003.87
Montenegro,2009,003.38
Montenegro,2010,002.41
Montenegro,2011,003.37
Montenegro,2012,002.72
Montenegro,2013,001.60
Montenegro,2014,003.20
Montenegro,2015,002.72
Montserrat,2003,
Montserrat,2004,
Montserrat,2005,020.93
Montserrat,2006,020.63
Montserrat,2007,
Montserrat,2008,020.39
Montserrat,2009,
Montserrat,2010,
Montserrat,2011,
Montserrat,2012,
Montserrat,2013,
Montserrat,2014,
Montserrat,2015,
Morocco,2003,001.71
Morocco,2004,001.56
Morocco,2005,001.54
Morocco,2006,001.62
Morocco,2007,001.67
Morocco,2008,001.36
Morocco,2009,001.36
Morocco,2010,001.40
Morocco,2011,001.36
Morocco,2012,001.16
Morocco,2013,001.28
Morocco,2014,001.05
Morocco,2015,
Mozambique,2003,005.24
Mozambique,2004,005.51
Mozambique,2005,005.15
Mozambique,2006,004.11
Mozambique,2007,003.80
Mozambique,2008,004.33
Mozambique,2009,003.48
Mozambique,2010,003.60
Mozambique,2011,003.39
Mozambique,2012,
Mozambique,2013,
Mozambique,2014,
Mozambique,2015,
Myanmar,2003,001.71
Myanmar,2004,001.65
Myanmar,2005,001.49
Myanmar,2006,001.70
Myanmar,2007,001.62
Myanmar,2008,001.70
Myanmar,2009,001.71
Myanmar,2010,001.55
Myanmar,2011,002.02
Myanmar,2012,002.73
Myanmar,2013,002.36
Myanmar,2014,002.52
Myanmar,2015,002.42
Namibia,2003,
Namibia,2004,017.58
Namibia,2005,
Namibia,2006,
Namibia,2007,
Namibia,2008,016.73
Namibia,2009,018.03
Namibia,2010,014.31
Namibia,2011,013.75
Namibia,2012,016.93
Namibia,2013,
Namibia,2014,
Namibia,2015,
Nauru,2003,
Nauru,2004,
Nauru,2005,
Nauru,2006,
Nauru,2007,
Nauru,2008,
Nauru,2009,
Nauru,2010,
Nauru,2011,
Nauru,2012,001.31
Nauru,2013,
Nauru,2014,
Nauru,2015,
Nepal,2003,003.04
Nepal,2004,003.71
Nepal,2005,003.58
Nepal,2006,002.45
Nepal,2007,003.43
Nepal,2008,003.38
Nepal,2009,003.02
Nepal,2010,003.03
Nepal,2011,002.89
Nepal,2012,002.83
Nepal,2013,002.29
Nepal,2014,002.27
Nepal,2015,
Netherlands,2003,001.25
Netherlands,2004,001.18
Netherlands,2005,001.07
Netherlands,2006,000.78
Netherlands,2007,000.87
Netherlands,2008,000.91
Netherlands,2009,000.93
Netherlands,2010,000.87
Netherlands,2011,000.86
Netherlands,2012,000.87
Netherlands,2013,000.74
Netherlands,2014,000.73
Netherlands,2015,000.61
New Caledonia,2003,
New Caledonia,2004,
New Caledonia,2005,
New Caledonia,2006,003.44
New Caledonia,2007,005.09
New Caledonia,2008,004.59
New Caledonia,2009,003.29
New Caledonia,2010,
New Caledonia,2011,
New Caledonia,2012,
New Caledonia,2013,
New Caledonia,2014,
New Caledonia,2015,
New Zealand****,2003,001.09
New Zealand****,2004,001.10
New Zealand****,2005,001.48
New Zealand****,2006,001.17
New Zealand****,2007,001.13
New Zealand****,2008,001.19
New Zealand****,2009,001.55
New Zealand****,2010,000.98
New Zealand****,2011,000.89
New Zealand****,2012,000.92
New Zealand****,2013,001.03
New Zealand****,2014,000.91
New Zealand****,2015,
Nicaragua,2003,012.12
Nicaragua,2004,012.17
Nicaragua,2005,013.55
Nicaragua,2006,013.25
Nicaragua,2007,012.93
Nicaragua,2008,013.16
Nicaragua,2009,014.15
Nicaragua,2010,013.68
Nicaragua,2011,012.71
Nicaragua,2012,011.49
Nicaragua,2013,
Nicaragua,2014,
Nicaragua,2015,
Niger,2003,
Niger,2004,
Niger,2005,
Niger,2006,
Niger,2007,
Niger,2008,
Niger,2009,
Niger,2010,
Niger,2011,004.90
Niger,2012,004.47
Niger,2013,
Niger,2014,
Niger,2015,
Nigeria,2003,
Nigeria,2004,
Nigeria,2005,011.76
Nigeria,2006,
Nigeria,2007,
Nigeria,2008,
Nigeria,2009,
Nigeria,2010,010.66
Nigeria,2011,
Nigeria,2012,
Nigeria,2013,
Nigeria,2014,
Nigeria,2015,009.79
Niue,2003,
Niue,2004,
Niue,2005,
Niue,2006,
Niue,2007,
Niue,2008,
Niue,2009,
Niue,2010,
Niue,2011,
Niue,2012,003.07
Niue,2013,
Niue,2014,
Niue,2015,
Norway,2003,001.12
Norway,2004,000.78
Norway,2005,000.71
Norway,2006,000.71
Norway,2007,000.64
Norway,2008,000.71
Norway,2009,000.60
Norway,2010,000.59
Norway,2011,002.24
Norway,2012,000.54
Norway,2013,000.90
Norway,2014,000.56
Norway,2015,
Oman,2003,
Oman,2004,
Oman,2005,
Oman,2006,
Oman,2007,000.69
Oman,2008,000.68
Oman,2009,
Oman,2010,
Oman,2011,001.06
Oman,2012,
Oman,2013,
Oman,2014,
Oman,2015,
Pakistan,2003,006.35
Pakistan,2004,006.47
Pakistan,2005,006.28
Pakistan,2006,006.42
Pakistan,2007,006.61
Pakistan,2008,007.39
Pakistan,2009,007.50
Pakistan,2010,007.77
Pakistan,2011,007.98
Pakistan,2012,007.81
Pakistan,2013,
Pakistan,2014,
Pakistan,2015,
Palau,2003,
Palau,2004,
Palau,2005,
Palau,2006,
Palau,2007,
Palau,2008,
Palau,2009,
Palau,2010,
Palau,2011,
Palau,2012,003.11
Palau,2013,
Palau,2014,
Palau,2015,
Panama,2003,010.55
Panama,2004,009.45
Panama,2005,010.97
Panama,2006,010.98
Panama,2007,012.91
Panama,2008,018.69
Panama,2009,022.98
Panama,2010,020.96
Panama,2011,020.61
Panama,2012,017.47
Panama,2013,017.42
Panama,2014,014.69
Panama,2015,011.38
Papua New Guinea,2003,010.51
Papua New Guinea,2004,005.21
Papua New Guinea,2005,009.91
Papua New Guinea,2006,009.78
Papua New Guinea,2007,008.14
Papua New Guinea,2008,009.21
Papua New Guinea,2009,010.42
Papua New Guinea,2010,010.42
Papua New Guinea,2011,
Papua New Guinea,2012,
Papua New Guinea,2013,
Papua New Guinea,2014,
Papua New Guinea,2015,
Paraguay,2003,022.91
Paraguay,2004,021.20
Paraguay,2005,018.57
Paraguay,2006,015.88
Paraguay,2007,013.12
Paraguay,2008,013.78
Paraguay,2009,013.40
Paraguay,2010,011.93
Paraguay,2011,010.44
Paraguay,2012,010.17
Paraguay,2013,009.34
Paraguay,2014,008.82
Paraguay,2015,009.29
Peru,2003,004.89
Peru,2004,005.60
Peru,2005,011.07
Peru,2006,011.24
Peru,2007,010.40
Peru,2008,011.63
Peru,2009,010.24
Peru,2010,009.22
Peru,2011,005.43
Peru,2012,006.49
Peru,2013,006.59
Peru,2014,006.70
Peru,2015,007.16
Philippines*,2003,007.76
Philippines*,2004,007.50
Philippines*,2005,007.47
Philippines*,2006,007.07
Philippines*,2007,006.45
Philippines*,2008,006.45
Philippines*,2009,006.95
Philippines*,2010,009.56
Philippines*,2011,009.18
Philippines*,2012,008.84
Philippines*,2013,009.38
Philippines*,2014,009.84
Philippines*,2015,
Poland,2003,001.72
Poland,2004,001.65
Poland,2005,001.44
Poland,2006,001.27
Poland,2007,001.36
Poland,2008,001.19
Poland,2009,001.28
Poland,2010,001.13
Poland,2011,001.16
Poland,2012,000.98
Poland,2013,000.77
Poland,2014,000.73
Poland,2015,000.74
Portugal,2003,001.43
Portugal,2004,001.38
Portugal,2005,001.27
Portugal,2006,001.47
Portugal,2007,001.75
Portugal,2008,001.17
Portugal,2009,001.23
Portugal,2010,001.17
Portugal,2011,001.08
Portugal,2012,001.16
Portugal,2013,001.38
Portugal,2014,000.88
Portugal,2015,000.97
Puerto Rico,2003,020.79
Puerto Rico,2004,021.12
Puerto Rico,2005,020.50
Puerto Rico,2006,019.95
Puerto Rico,2007,019.55
Puerto Rico,2008,021.65
Puerto Rico,2009,024.04
Puerto Rico,2010,026.34
Puerto Rico,2011,
Puerto Rico,2012,026.46
Puerto Rico,2013,023.93
Puerto Rico,2014,018.47
Puerto Rico,2015,015.86
Qatar,2003,
Qatar,2004,
Qatar,2005,004.87
Qatar,2006,
Qatar,2007,
Qatar,2008,
Qatar,2009,
Qatar,2010,006.92
Qatar,2011,
Qatar,2012,
Qatar,2013,
Qatar,2014,
Qatar,2015,008.10
Republic of Korea,2003,
Republic of Korea,2004,
Republic of Korea,2005,
Republic of Korea,2006,
Republic of Korea,2007,
Republic of Korea,2008,
Republic of Korea,2009,
Republic of Korea,2010,
Republic of Korea,2011,000.87
Republic of Korea,2012,000.83
Republic of Korea,2013,000.69
Republic of Korea,2014,000.74
Republic of Korea,2015,
Republic of Moldova,2003,007.65
Republic of Moldova,2004,006.65
Republic of Moldova,2005,007.12
Republic of Moldova,2006,006.32
Republic of Moldova,2007,005.26
Republic of Moldova,2008,005.74
Republic of Moldova,2009,006.01
Republic of Moldova,2010,006.54
Republic of Moldova,2011,007.45
Republic of Moldova,2012,005.62
Republic of Moldova,2013,004.15
Republic of Moldova,2014,003.19
Republic of Moldova,2015,
Reunion,2003,
Reunion,2004,002.94
Reunion,2005,003.16
Reunion,2006,002.37
Reunion,2007,002.97
Reunion,2008,002.20
Reunion,2009,001.82
Reunion,2010,
Reunion,2011,
Reunion,2012,
Reunion,2013,
Reunion,2014,
Reunion,2015,
Romania***,2003,002.54
Romania***,2004,002.39
Romania***,2005,002.13
Romania***,2006,002.07
Romania***,2007,001.98
Romania***,2008,002.27
Romania***,2009,001.94
Romania***,2010,001.99
Romania***,2011,001.67
Romania***,2012,001.90
Romania***,2013,001.70
Romania***,2014,001.52
Romania***,2015,001.49
Russian Federation,2003,
Russian Federation,2004,
Russian Federation,2005,
Russian Federation,2006,
Russian Federation,2007,
Russian Federation,2008,
Russian Federation,2009,
Russian Federation,2010,015.99
Russian Federation,2011,015.02
Russian Federation,2012,013.87
Russian Federation,2013,012.88
Russian Federation,2014,012.14
Russian Federation,2015,011.31
Rwanda,2003,
Rwanda,2004,
Rwanda,2005,
Rwanda,2006,005.15
Rwanda,2007,004.98
Rwanda,2008,004.49
Rwanda,2009,003.76
Rwanda,2010,004.86
Rwanda,2011,
Rwanda,2012,
Rwanda,2013,004.51
Rwanda,2014,
Rwanda,2015,
Saint Kitts and Nevis,2003,020.97
Saint Kitts and Nevis,2004,022.72
Saint Kitts and Nevis,2005,016.28
Saint Kitts and Nevis,2006,034.12
Saint Kitts and Nevis,2007,031.71
Saint Kitts and Nevis,2008,045.02
Saint Kitts and Nevis,2009,052.21
Saint Kitts and Nevis,2010,040.11
Saint Kitts and Nevis,2011,064.15
Saint Kitts and Nevis,2012,033.55
Saint Kitts and Nevis,2013,
Saint Kitts and Nevis,2014,
Saint Kitts and Nevis,2015,
Saint Lucia,2003,022.25
Saint Lucia,2004,022.64
Saint Lucia,2005,024.79
Saint Lucia,2006,025.65
Saint Lucia,2007,017.04
Saint Lucia,2008,022.58
Saint Lucia,2009,022.26
Saint Lucia,2010,024.80
Saint Lucia,2011,
Saint Lucia,2012,021.56
Saint Lucia,2013,
Saint Lucia,2014,
Saint Lucia,2015,
Saint Pierre and Miquelon,2003,
Saint Pierre and Miquelon,2004,
Saint Pierre and Miquelon,2005,
Saint Pierre and Miquelon,2006,
Saint Pierre and Miquelon,2007,
Saint Pierre and Miquelon,2008,015.95
Saint Pierre and Miquelon,2009,015.94
Saint Pierre and Miquelon,2010,
Saint Pierre and Miquelon,2011,
Saint Pierre and Miquelon,2012,
Saint Pierre and Miquelon,2013,
Saint Pierre and Miquelon,2014,
Saint Pierre and Miquelon,2015,
Saint Vincent and the Grenadines,2003,016.61
Saint Vincent and the Grenadines,2004,025.79
Saint Vincent and the Grenadines,2005,021.15
Saint Vincent and the Grenadines,2006,011.94
Saint Vincent and the Grenadines,2007,033.01
Saint Vincent and the Grenadines,2008,014.66
Saint Vincent and the Grenadines,2009,018.31
Saint Vincent and the Grenadines,2010,022.87
Saint Vincent and the Grenadines,2011,019.21
Saint Vincent and the Grenadines,2012,025.61
Saint Vincent and the Grenadines,2013,
Saint Vincent and the Grenadines,2014,
Saint Vincent and the Grenadines,2015,
Samoa,2003,
Samoa,2004,
Samoa,2005,
Samoa,2006,
Samoa,2007,
Samoa,2008,
Samoa,2009,008.66
Samoa,2010,008.60
Samoa,2011,
Samoa,2012,
Samoa,2013,003.15
Samoa,2014,
Samoa,2015,
San Marino,2003,
San Marino,2004,
San Marino,2005,
San Marino,2006,
San Marino,2007,
San Marino,2008,
San Marino,2009,
San Marino,2010,
San Marino,2011,
San Marino,2012,
San Marino,2013,
San Marino,2014,
San Marino,2015,
Sao Tome and Principe,2003,
Sao Tome and Principe,2004,
Sao Tome and Principe,2005,
Sao Tome and Principe,2006,002.55
Sao Tome and Principe,2007,002.50
Sao Tome and Principe,2008,008.56
Sao Tome and Principe,2009,002.99
Sao Tome and Principe,2010,003.51
Sao Tome and Principe,2011,003.44
Sao Tome and Principe,2012,
Sao Tome and Principe,2013,
Sao Tome and Principe,2014,
Sao Tome and Principe,2015,
Saudi Arabia,2003,
Saudi Arabia,2004,
Saudi Arabia,2005,
Saudi Arabia,2006,
Saudi Arabia,2007,
Saudi Arabia,2008,
Saudi Arabia,2009,
Saudi Arabia,2010,
Saudi Arabia,2011,
Saudi Arabia,2012,
Saudi Arabia,2013,
Saudi Arabia,2014,000.92
Saudi Arabia,2015,001.50
Senegal,2003,
Senegal,2004,
Senegal,2005,009.29
Senegal,2006,
Senegal,2007,
Senegal,2008,
Senegal,2009,
Senegal,2010,008.48
Senegal,2011,
Senegal,2012,
Senegal,2013,
Senegal,2014,
Senegal,2015,007.30
Serbia,2003,001.90
Serbia,2004,001.78
Serbia,2005,001.60
Serbia,2006,001.70
Serbia,2007,001.87
Serbia,2008,001.54
Serbia,2009,001.69
Serbia,2010,001.44
Serbia,2011,001.50
Serbia,2012,001.24
Serbia,2013,001.57
Serbia,2014,001.33
Serbia,2015,001.13
Seychelles,2003,011.66
Seychelles,2004,006.87
Seychelles,2005,003.38
Seychelles,2006,010.01
Seychelles,2007,005.50
Seychelles,2008,003.27
Seychelles,2009,005.41
Seychelles,2010,002.15
Seychelles,2011,
Seychelles,2012,
Seychelles,2013,
Seychelles,2014,
Seychelles,2015,
Sierra Leone,2003,
Sierra Leone,2004,002.30
Sierra Leone,2005,001.95
Sierra Leone,2006,001.93
Sierra Leone,2007,002.49
Sierra Leone,2008,003.33
Sierra Leone,2009,002.80
Sierra Leone,2010,002.82
Sierra Leone,2011,003.16
Sierra Leone,2012,001.87
Sierra Leone,2013,
Sierra Leone,2014,
Sierra Leone,2015,001.92
Singapore,2003,000.56
Singapore,2004,000.48
Singapore,2005,000.47
Singapore,2006,000.37
Singapore,2007,000.38
Singapore,2008,000.56
Singapore,2009,000.40
Singapore,2010,000.37
Singapore,2011,000.31
Singapore,2012,000.21
Singapore,2013,000.31
Singapore,2014,000.25
Singapore,2015,000.25
Slovakia,2003,002.71
Slovakia,2004,002.27
Slovakia,2005,001.97
Slovakia,2006,001.65
Slovakia,2007,001.65
Slovakia,2008,001.74
Slovakia,2009,001.55
Slovakia,2010,001.65
Slovakia,2011,001.77
Slovakia,2012,001.38
Slovakia,2013,001.44
Slovakia,2014,001.33
Slovakia,2015,000.88
Slovenia,2003,001.06
Slovenia,2004,001.36
Slovenia,2005,001.00
Slovenia,2006,000.60
Slovenia,2007,001.19
Slovenia,2008,000.49
Slovenia,2009,000.64
Slovenia,2010,000.73
Slovenia,2011,000.78
Slovenia,2012,000.68
Slovenia,2013,000.58
Slovenia,2014,000.73
Slovenia,2015,001.21
Solomon Islands,2003,
Solomon Islands,2004,004.37
Solomon Islands,2005,005.54
Solomon Islands,2006,004.78
Solomon Islands,2007,005.28
Solomon Islands,2008,003.77
Solomon Islands,2009,
Solomon Islands,2010,
Solomon Islands,2011,
Solomon Islands,2012,
Solomon Islands,2013,
Solomon Islands,2014,
Solomon Islands,2015,
Somalia,2003,
Somalia,2004,
Somalia,2005,006.10
Somalia,2006,
Somalia,2007,
Somalia,2008,
Somalia,2009,
Somalia,2010,006.64
Somalia,2011,
Somalia,2012,
Somalia,2013,
Somalia,2014,
Somalia,2015,005.56
South Africa,2003,042.20
South Africa,2004,039.43
South Africa,2005,038.87
South Africa,2006,039.17
South Africa,2007,037.20
South Africa,2008,036.04
South Africa,2009,033.01
South Africa,2010,030.88
South Africa,2011,029.88
South Africa,2012,030.68
South Africa,2013,031.66
South Africa,2014,032.99
South Africa,2015,034.27
South Sudan,2003,
South Sudan,2004,
South Sudan,2005,
South Sudan,2006,
South Sudan,2007,
South Sudan,2008,
South Sudan,2009,
South Sudan,2010,
South Sudan,2011,
South Sudan,2012,013.70
South Sudan,2013,
South Sudan,2014,
South Sudan,2015,
Spain,2003,001.38
Spain,2004,001.20
Spain,2005,001.18
Spain,2006,001.07
Spain,2007,001.07
Spain,2008,000.89
Spain,2009,000.89
Spain,2010,000.86
Spain,2011,000.82
Spain,2012,000.78
Spain,2013,000.65
Spain,2014,000.70
Spain,2015,000.66
Sri Lanka*,2003,006.82
Sri Lanka*,2004,007.11
Sri Lanka*,2005,006.25
Sri Lanka*,2006,010.40
Sri Lanka*,2007,008.39
Sri Lanka*,2008,010.04
Sri Lanka*,2009,005.47
Sri Lanka*,2010,003.78
Sri Lanka*,2011,003.60
Sri Lanka*,2012,003.31
Sri Lanka*,2013,002.91
Sri Lanka*,2014,
Sri Lanka*,2015,
State of Palestine,2003,002.73
State of Palestine,2004,004.13
State of Palestine,2005,004.05
State of Palestine,2006,
State of Palestine,2007,
State of Palestine,2008,001.25
State of Palestine,2009,001.11
State of Palestine,2010,000.74
State of Palestine,2011,000.55
State of Palestine,2012,000.60
State of Palestine,2013,
State of Palestine,2014,
State of Palestine,2015,
Sudan,2003,
Sudan,2004,
Sudan,2005,007.50
Sudan,2006,
Sudan,2007,
Sudan,2008,
Sudan,2009,
Sudan,2010,006.80
Sudan,2011,
Sudan,2012,
Sudan,2013,
Sudan,2014,
Sudan,2015,006.45
Suriname,2003,
Suriname,2004,
Suriname,2005,003.12
Suriname,2006,
Suriname,2007,
Suriname,2008,
Suriname,2009,
Suriname,2010,009.54
Suriname,2011,
Suriname,2012,
Suriname,2013,
Suriname,2014,
Suriname,2015,010.68
Swaziland,2003,013.24
Swaziland,2004,013.34
Swaziland,2005,013.76
Swaziland,2006,010.82
Swaziland,2007,014.98
Swaziland,2008,018.81
Swaziland,2009,015.93
Swaziland,2010,017.43
Swaziland,2011,
Swaziland,2012,
Swaziland,2013,008.16
Swaziland,2014,
Swaziland,2015,
Sweden,2003,000.91
Sweden,2004,001.14
Sweden,2005,000.92
Sweden,2006,001.00
Sweden,2007,001.21
Sweden,2008,000.89
Sweden,2009,001.00
Sweden,2010,000.97
Sweden,2011,000.86
Sweden,2012,000.71
Sweden,2013,000.90
Sweden,2014,000.90
Sweden,2015,001.15
Switzerland,2003,001.00
Switzerland,2004,001.06
Switzerland,2005,001.01
Switzerland,2006,000.80
Switzerland,2007,000.67
Switzerland,2008,000.71
Switzerland,2009,000.66
Switzerland,2010,000.66
Switzerland,2011,000.58
Switzerland,2012,000.56
Switzerland,2013,000.70
Switzerland,2014,000.50
Switzerland,2015,000.69
Syrian Arab Republic,2003,002.34
Syrian Arab Republic,2004,002.41
Syrian Arab Republic,2005,002.37
Syrian Arab Republic,2006,002.38
Syrian Arab Republic,2007,002.74
Syrian Arab Republic,2008,002.63
Syrian Arab Republic,2009,002.31
Syrian Arab Republic,2010,002.23
Syrian Arab Republic,2011,
Syrian Arab Republic,2012,
Syrian Arab Republic,2013,
Syrian Arab Republic,2014,
Syrian Arab Republic,2015,
Taiwan Province of China,2003,
Taiwan Province of China,2004,
Taiwan Province of China,2005,
Taiwan Province of China,2006,001.00
Taiwan Province of China,2007,000.77
Taiwan Province of China,2008,000.83
Taiwan Province of China,2009,000.78
Taiwan Province of China,2010,000.77
Taiwan Province of China,2011,
Taiwan Province of China,2012,000.77
Taiwan Province of China,2013,000.72
Taiwan Province of China,2014,
Taiwan Province of China,2015,000.82
Tajikistan,2003,
Tajikistan,2004,
Tajikistan,2005,
Tajikistan,2006,003.06
Tajikistan,2007,002.18
Tajikistan,2008,001.63
Tajikistan,2009,001.77
Tajikistan,2010,002.04
Tajikistan,2011,001.92
Tajikistan,2012,001.34
Tajikistan,2013,001.44
Tajikistan,2014,
Tajikistan,2015,
Thailand,2003,009.93
Thailand,2004,006.53
Thailand,2005,007.30
Thailand,2006,007.08
Thailand,2007,006.68
Thailand,2008,005.98
Thailand,2009,005.56
Thailand,2010,005.48
Thailand,2011,004.94
Thailand,2012,004.95
Thailand,2013,004.29
Thailand,2014,003.91
Thailand,2015,003.51
The former Yugoslav Republic of Macedonia,2003,003.44
The former Yugoslav Republic of Macedonia,2004,002.40
The former Yugoslav Republic of Macedonia,2005,002.15
The former Yugoslav Republic of Macedonia,2006,002.25
The former Yugoslav Republic of Macedonia,2007,002.05
The former Yugoslav Republic of Macedonia,2008,001.70
The former Yugoslav Republic of Macedonia,2009,001.70
The former Yugoslav Republic of Macedonia,2010,002.08
The former Yugoslav Republic of Macedonia,2011,001.45
The former Yugoslav Republic of Macedonia,2012,001.40
The former Yugoslav Republic of Macedonia,2013,001.06
The former Yugoslav Republic of Macedonia,2014,001.59
The former Yugoslav Republic of Macedonia,2015,
TimorLeste,2003,
TimorLeste,2004,002.39
TimorLeste,2005,004.65
TimorLeste,2006,004.86
TimorLeste,2007,006.07
TimorLeste,2008,003.40
TimorLeste,2009,003.07
TimorLeste,2010,003.69
TimorLeste,2011,
TimorLeste,2012,
TimorLeste,2013,
TimorLeste,2014,
TimorLeste,2015,
Togo,2003,
Togo,2004,
Togo,2005,010.87
Togo,2006,
Togo,2007,
Togo,2008,
Togo,2009,
Togo,2010,009.77
Togo,2011,
Togo,2012,
Togo,2013,
Togo,2014,
Togo,2015,009.14
Tonga,2003,006.02
Tonga,2004,002.00
Tonga,2005,003.97
Tonga,2006,007.88
Tonga,2007,000.98
Tonga,2008,003.89
Tonga,2009,007.74
Tonga,2010,000.96
Tonga,2011,001.92
Tonga,2012,000.95
Tonga,2013,
Tonga,2014,
Tonga,2015,
Trinidad and Tobago,2003,017.83
Trinidad and Tobago,2004,020.15
Trinidad and Tobago,2005,029.76
Trinidad and Tobago,2006,028.47
Trinidad and Tobago,2007,029.86
Trinidad and Tobago,2008,041.59
Trinidad and Tobago,2009,038.36
Trinidad and Tobago,2010,035.61
Trinidad and Tobago,2011,026.37
Trinidad and Tobago,2012,028.32
Trinidad and Tobago,2013,030.26
Trinidad and Tobago,2014,029.90
Trinidad and Tobago,2015,030.88
Tunisia,2003,
Tunisia,2004,001.95
Tunisia,2005,002.57
Tunisia,2006,002.44
Tunisia,2007,002.65
Tunisia,2008,002.69
Tunisia,2009,002.42
Tunisia,2010,002.69
Tunisia,2011,
Tunisia,2012,003.05
Tunisia,2013,
Tunisia,2014,
Tunisia,2015,
Turkey,2003,004.29
Turkey,2004,004.35
Turkey,2005,004.87
Turkey,2006,004.61
Turkey,2007,005.18
Turkey,2008,004.63
Turkey,2009,005.18
Turkey,2010,004.24
Turkey,2011,004.16
Turkey,2012,004.30
Turkey,2013,
Turkey,2014,
Turkey,2015,
Turkmenistan,2003,
Turkmenistan,2004,
Turkmenistan,2005,004.87
Turkmenistan,2006,
Turkmenistan,2007,
Turkmenistan,2008,
Turkmenistan,2009,
Turkmenistan,2010,004.54
Turkmenistan,2011,
Turkmenistan,2012,
Turkmenistan,2013,
Turkmenistan,2014,
Turkmenistan,2015,004.20
Turks and Caicos Islands,2003,
Turks and Caicos Islands,2004,
Turks and Caicos Islands,2005,
Turks and Caicos Islands,2006,
Turks and Caicos Islands,2007,
Turks and Caicos Islands,2008,006.78
Turks and Caicos Islands,2009,006.61
Turks and Caicos Islands,2010,
Turks and Caicos Islands,2011,
Turks and Caicos Islands,2012,
Turks and Caicos Islands,2013,
Turks and Caicos Islands,2014,
Turks and Caicos Islands,2015,
Tuvalu,2003,
Tuvalu,2004,
Tuvalu,2005,
Tuvalu,2006,
Tuvalu,2007,
Tuvalu,2008,
Tuvalu,2009,
Tuvalu,2010,010.18
Tuvalu,2011,010.16
Tuvalu,2012,020.28
Tuvalu,2013,
Tuvalu,2014,
Tuvalu,2015,
Uganda,2003,008.15
Uganda,2004,007.56
Uganda,2005,008.89
Uganda,2006,009.30
Uganda,2007,008.82
Uganda,2008,009.01
Uganda,2009,010.08
Uganda,2010,009.53
Uganda,2011,010.95
Uganda,2012,011.49
Uganda,2013,010.55
Uganda,2014,011.84
Uganda,2015,
Ukraine,2003,007.62
Ukraine,2004,007.37
Ukraine,2005,006.46
Ukraine,2006,006.30
Ukraine,2007,005.71
Ukraine,2008,005.30
Ukraine,2009,004.79
Ukraine,2010,004.36
Ukraine,2011,
Ukraine,2012,
Ukraine,2013,
Ukraine,2014,
Ukraine,2015,
United Arab Emirates,2003,
United Arab Emirates,2004,
United Arab Emirates,2005,
United Arab Emirates,2006,
United Arab Emirates,2007,
United Arab Emirates,2008,
United Arab Emirates,2009,
United Arab Emirates,2010,000.80
United Arab Emirates,2011,000.58
United Arab Emirates,2012,000.77
United Arab Emirates,2013,000.63
United Arab Emirates,2014,000.67
United Arab Emirates,2015,000.66
United Kingdom of Great Britain and Northern Ireland,2003,001.74
United Kingdom of Great Britain and Northern Ireland,2004,001.64
United Kingdom of Great Britain and Northern Ireland,2005,001.49
United Kingdom of Great Britain and Northern Ireland,2006,001.42
United Kingdom of Great Britain and Northern Ireland,2007,001.43
United Kingdom of Great Britain and Northern Ireland,2008,001.23
United Kingdom of Great Britain and Northern Ireland,2009,001.15
United Kingdom of Great Britain and Northern Ireland,2010,001.20
United Kingdom of Great Britain and Northern Ireland,2011,001.02
United Kingdom of Great Britain and Northern Ireland,2012,001.01
United Kingdom of Great Britain and Northern Ireland,2013,000.94
United Kingdom of Great Britain and Northern Ireland,2014,000.92
United Kingdom of Great Britain and Northern Ireland,2015,
United Republic of Tanzania,2003,
United Republic of Tanzania,2004,
United Republic of Tanzania,2005,
United Republic of Tanzania,2006,
United Republic of Tanzania,2007,
United Republic of Tanzania,2008,
United Republic of Tanzania,2009,
United Republic of Tanzania,2010,008.52
United Republic of Tanzania,2011,008.80
United Republic of Tanzania,2012,008.41
United Republic of Tanzania,2013,007.36
United Republic of Tanzania,2014,007.53
United Republic of Tanzania,2015,007.01
United States of America,2003,005.68
United States of America,2004,005.50
United States of America,2005,005.65
United States of America,2006,005.79
United States of America,2007,005.68
United States of America,2008,005.41
United States of America,2009,005.01
United States of America,2010,004.75
United States of America,2011,004.69
United States of America,2012,004.72
United States of America,2013,004.52
United States of America,2014,004.43
United States of America,2015,004.88
United States Virgin Islands,2003,028.53
United States Virgin Islands,2004,034.19
United States Virgin Islands,2005,032.48
United States Virgin Islands,2006,040.01
United States Virgin Islands,2007,040.12
United States Virgin Islands,2008,042.11
United States Virgin Islands,2009,046.91
United States Virgin Islands,2010,052.64
United States Virgin Islands,2011,
United States Virgin Islands,2012,
United States Virgin Islands,2013,
United States Virgin Islands,2014,
United States Virgin Islands,2015,
Uruguay,2003,005.92
Uruguay,2004,005.84
Uruguay,2005,005.65
Uruguay,2006,006.09
Uruguay,2007,005.81
Uruguay,2008,006.60
Uruguay,2009,006.72
Uruguay,2010,006.08
Uruguay,2011,005.88
Uruguay,2012,007.86
Uruguay,2013,007.63
Uruguay,2014,007.84
Uruguay,2015,008.42
Uzbekistan,2003,
Uzbekistan,2004,
Uzbekistan,2005,003.57
Uzbekistan,2006,
Uzbekistan,2007,
Uzbekistan,2008,
Uzbekistan,2009,
Uzbekistan,2010,003.22
Uzbekistan,2011,
Uzbekistan,2012,
Uzbekistan,2013,
Uzbekistan,2014,
Uzbekistan,2015,002.99
Vanuatu,2003,
Vanuatu,2004,
Vanuatu,2005,002.47
Vanuatu,2006,
Vanuatu,2007,
Vanuatu,2008,
Vanuatu,2009,
Vanuatu,2010,002.31
Vanuatu,2011,
Vanuatu,2012,
Vanuatu,2013,
Vanuatu,2014,
Vanuatu,2015,002.13
Venezuela (Bolivarian Republic of),2003,043.86
Venezuela (Bolivarian Republic of),2004,036.93
Venezuela (Bolivarian Republic of),2005,037.22
Venezuela (Bolivarian Republic of),2006,045.03
Venezuela (Bolivarian Republic of),2007,047.54
Venezuela (Bolivarian Republic of),2008,051.89
Venezuela (Bolivarian Republic of),2009,048.97
Venezuela (Bolivarian Republic of),2010,045.11
Venezuela (Bolivarian Republic of),2011,047.91
Venezuela (Bolivarian Republic of),2012,053.83
Venezuela (Bolivarian Republic of),2013,
Venezuela (Bolivarian Republic of),2014,062.00
Venezuela (Bolivarian Republic of),2015,057.15
Viet Nam,2003,001.28
Viet Nam,2004,001.27
Viet Nam,2005,001.25
Viet Nam,2006,001.23
Viet Nam,2007,001.36
Viet Nam,2008,001.26
Viet Nam,2009,001.41
Viet Nam,2010,001.51
Viet Nam,2011,001.52
Viet Nam,2012,
Viet Nam,2013,
Viet Nam,2014,
Viet Nam,2015,
Yemen,2003,003.63
Yemen,2004,003.24
Yemen,2005,004.61
Yemen,2006,004.24
Yemen,2007,003.92
Yemen,2008,003.92
Yemen,2009,004.31
Yemen,2010,004.66
Yemen,2011,005.67
Yemen,2012,006.49
Yemen,2013,006.67
Yemen,2014,
Yemen,2015,
Zambia,2003,
Zambia,2004,
Zambia,2005,
Zambia,2006,
Zambia,2007,
Zambia,2008,005.29
Zambia,2009,006.01
Zambia,2010,005.85
Zambia,2011,
Zambia,2012,
Zambia,2013,
Zambia,2014,
Zambia,2015,
Zimbabwe,2003,010.65
Zimbabwe,2004,010.54
Zimbabwe,2005,010.40
Zimbabwe,2006,008.17
Zimbabwe,2007,
Zimbabwe,2008,
Zimbabwe,2009,
Zimbabwe,2010,005.09
Zimbabwe,2011,
Zimbabwe,2012,006.74
Zimbabwe,2013,
Zimbabwe,2014,
Zimbabwe,2015,
